datetime,light,awake
2021-08-17 00:00:00,0,FALSE
2021-08-17 00:01:00,0,FALSE
2021-08-17 00:02:00,0,FALSE
2021-08-17 00:03:00,0,FALSE
2021-08-17 00:04:00,0,FALSE
2021-08-17 00:05:00,0,FALSE
2021-08-17 00:06:00,0,FALSE
2021-08-17 00:07:00,0,FALSE
2021-08-17 00:08:00,0,FALSE
2021-08-17 00:09:00,0,FALSE
2021-08-17 00:10:00,0,FALSE
2021-08-17 00:11:00,0,FALSE
2021-08-17 00:12:00,0,FALSE
2021-08-17 00:13:00,0,FALSE
2021-08-17 00:14:00,0,FALSE
2021-08-17 00:15:00,0,FALSE
2021-08-17 00:16:00,0,FALSE
2021-08-17 00:17:00,0,FALSE
2021-08-17 00:18:00,0,FALSE
2021-08-17 00:19:00,0,FALSE
2021-08-17 00:20:00,0,FALSE
2021-08-17 00:21:00,0,FALSE
2021-08-17 00:22:00,0,FALSE
2021-08-17 00:23:00,0,FALSE
2021-08-17 00:24:00,0,FALSE
2021-08-17 00:25:00,0,FALSE
2021-08-17 00:26:00,0,FALSE
2021-08-17 00:27:00,0,FALSE
2021-08-17 00:28:00,0,FALSE
2021-08-17 00:29:00,0,FALSE
2021-08-17 00:30:00,0,FALSE
2021-08-17 00:31:00,0,FALSE
2021-08-17 00:32:00,0,FALSE
2021-08-17 00:33:00,0,FALSE
2021-08-17 00:34:00,0,FALSE
2021-08-17 00:35:00,0,FALSE
2021-08-17 00:36:00,0,FALSE
2021-08-17 00:37:00,0,FALSE
2021-08-17 00:38:00,0,FALSE
2021-08-17 00:39:00,0,FALSE
2021-08-17 00:40:00,0,FALSE
2021-08-17 00:41:00,0,FALSE
2021-08-17 00:42:00,0,FALSE
2021-08-17 00:43:00,0,FALSE
2021-08-17 00:44:00,0,FALSE
2021-08-17 00:45:00,0,FALSE
2021-08-17 00:46:00,0,FALSE
2021-08-17 00:47:00,0,FALSE
2021-08-17 00:48:00,0,FALSE
2021-08-17 00:49:00,0,FALSE
2021-08-17 00:50:00,0,FALSE
2021-08-17 00:51:00,0,FALSE
2021-08-17 00:52:00,0,FALSE
2021-08-17 00:53:00,0,FALSE
2021-08-17 00:54:00,0,FALSE
2021-08-17 00:55:00,0,FALSE
2021-08-17 00:56:00,0,FALSE
2021-08-17 00:57:00,0,FALSE
2021-08-17 00:58:00,0,FALSE
2021-08-17 00:59:00,0,FALSE
2021-08-17 01:00:00,0,FALSE
2021-08-17 01:01:00,0,FALSE
2021-08-17 01:02:00,0,FALSE
2021-08-17 01:03:00,0,FALSE
2021-08-17 01:04:00,0,FALSE
2021-08-17 01:05:00,0,FALSE
2021-08-17 01:06:00,0,FALSE
2021-08-17 01:07:00,0,FALSE
2021-08-17 01:08:00,0,FALSE
2021-08-17 01:09:00,0,FALSE
2021-08-17 01:10:00,0,FALSE
2021-08-17 01:11:00,0,FALSE
2021-08-17 01:12:00,0,FALSE
2021-08-17 01:13:00,0,FALSE
2021-08-17 01:14:00,0,FALSE
2021-08-17 01:15:00,0,FALSE
2021-08-17 01:16:00,0,FALSE
2021-08-17 01:17:00,0,FALSE
2021-08-17 01:18:00,0,FALSE
2021-08-17 01:19:00,0,FALSE
2021-08-17 01:20:00,0,FALSE
2021-08-17 01:21:00,0,FALSE
2021-08-17 01:22:00,0,FALSE
2021-08-17 01:23:00,0,FALSE
2021-08-17 01:24:00,0,FALSE
2021-08-17 01:25:00,0,FALSE
2021-08-17 01:26:00,0,FALSE
2021-08-17 01:27:00,0,FALSE
2021-08-17 01:28:00,0,FALSE
2021-08-17 01:29:00,0,FALSE
2021-08-17 01:30:00,0,FALSE
2021-08-17 01:31:00,0,FALSE
2021-08-17 01:32:00,0,FALSE
2021-08-17 01:33:00,0,FALSE
2021-08-17 01:34:00,0,FALSE
2021-08-17 01:35:00,0,FALSE
2021-08-17 01:36:00,0,FALSE
2021-08-17 01:37:00,0,FALSE
2021-08-17 01:38:00,0,FALSE
2021-08-17 01:39:00,0,FALSE
2021-08-17 01:40:00,0,FALSE
2021-08-17 01:41:00,0,FALSE
2021-08-17 01:42:00,0,FALSE
2021-08-17 01:43:00,0,FALSE
2021-08-17 01:44:00,0,FALSE
2021-08-17 01:45:00,0,FALSE
2021-08-17 01:46:00,0,FALSE
2021-08-17 01:47:00,0,FALSE
2021-08-17 01:48:00,0,FALSE
2021-08-17 01:49:00,0,FALSE
2021-08-17 01:50:00,0,FALSE
2021-08-17 01:51:00,0,FALSE
2021-08-17 01:52:00,0,FALSE
2021-08-17 01:53:00,0,FALSE
2021-08-17 01:54:00,0,FALSE
2021-08-17 01:55:00,0,FALSE
2021-08-17 01:56:00,0,FALSE
2021-08-17 01:57:00,0,FALSE
2021-08-17 01:58:00,0,FALSE
2021-08-17 01:59:00,0,FALSE
2021-08-17 02:00:00,0,FALSE
2021-08-17 02:01:00,0,FALSE
2021-08-17 02:02:00,0,FALSE
2021-08-17 02:03:00,0,FALSE
2021-08-17 02:04:00,0,FALSE
2021-08-17 02:05:00,0,FALSE
2021-08-17 02:06:00,0,FALSE
2021-08-17 02:07:00,0,FALSE
2021-08-17 02:08:00,0,FALSE
2021-08-17 02:09:00,0,FALSE
2021-08-17 02:10:00,0,FALSE
2021-08-17 02:11:00,0,FALSE
2021-08-17 02:12:00,0,FALSE
2021-08-17 02:13:00,0,FALSE
2021-08-17 02:14:00,0,FALSE
2021-08-17 02:15:00,0,FALSE
2021-08-17 02:16:00,0,FALSE
2021-08-17 02:17:00,0,FALSE
2021-08-17 02:18:00,0,FALSE
2021-08-17 02:19:00,0,FALSE
2021-08-17 02:20:00,0,FALSE
2021-08-17 02:21:00,0,FALSE
2021-08-17 02:22:00,0,FALSE
2021-08-17 02:23:00,0,FALSE
2021-08-17 02:24:00,0,FALSE
2021-08-17 02:25:00,0,FALSE
2021-08-17 02:26:00,0,FALSE
2021-08-17 02:27:00,0,FALSE
2021-08-17 02:28:00,0,FALSE
2021-08-17 02:29:00,0,FALSE
2021-08-17 02:30:00,0,FALSE
2021-08-17 02:31:00,0,FALSE
2021-08-17 02:32:00,0,FALSE
2021-08-17 02:33:00,0,FALSE
2021-08-17 02:34:00,0,FALSE
2021-08-17 02:35:00,0,FALSE
2021-08-17 02:36:00,0,FALSE
2021-08-17 02:37:00,0,FALSE
2021-08-17 02:38:00,0,FALSE
2021-08-17 02:39:00,0,FALSE
2021-08-17 02:40:00,0,FALSE
2021-08-17 02:41:00,0,FALSE
2021-08-17 02:42:00,0,FALSE
2021-08-17 02:43:00,0,FALSE
2021-08-17 02:44:00,0,FALSE
2021-08-17 02:45:00,0,FALSE
2021-08-17 02:46:00,0,FALSE
2021-08-17 02:47:00,0,FALSE
2021-08-17 02:48:00,0,FALSE
2021-08-17 02:49:00,0,FALSE
2021-08-17 02:50:00,0,FALSE
2021-08-17 02:51:00,0,FALSE
2021-08-17 02:52:00,0,FALSE
2021-08-17 02:53:00,0,FALSE
2021-08-17 02:54:00,0,FALSE
2021-08-17 02:55:00,0,FALSE
2021-08-17 02:56:00,0,FALSE
2021-08-17 02:57:00,0,FALSE
2021-08-17 02:58:00,0,FALSE
2021-08-17 02:59:00,0,FALSE
2021-08-17 03:00:00,0,FALSE
2021-08-17 03:01:00,0,FALSE
2021-08-17 03:02:00,0,FALSE
2021-08-17 03:03:00,0,FALSE
2021-08-17 03:04:00,0,FALSE
2021-08-17 03:05:00,0,FALSE
2021-08-17 03:06:00,0,FALSE
2021-08-17 03:07:00,0,FALSE
2021-08-17 03:08:00,0,FALSE
2021-08-17 03:09:00,0,FALSE
2021-08-17 03:10:00,0,FALSE
2021-08-17 03:11:00,0,FALSE
2021-08-17 03:12:00,0,FALSE
2021-08-17 03:13:00,0,FALSE
2021-08-17 03:14:00,0,FALSE
2021-08-17 03:15:00,0,FALSE
2021-08-17 03:16:00,0,FALSE
2021-08-17 03:17:00,0,FALSE
2021-08-17 03:18:00,0,FALSE
2021-08-17 03:19:00,0,FALSE
2021-08-17 03:20:00,0,FALSE
2021-08-17 03:21:00,0,FALSE
2021-08-17 03:22:00,0,FALSE
2021-08-17 03:23:00,0,FALSE
2021-08-17 03:24:00,0,FALSE
2021-08-17 03:25:00,0,FALSE
2021-08-17 03:26:00,0,FALSE
2021-08-17 03:27:00,0,FALSE
2021-08-17 03:28:00,0,FALSE
2021-08-17 03:29:00,0,FALSE
2021-08-17 03:30:00,0,FALSE
2021-08-17 03:31:00,0,FALSE
2021-08-17 03:32:00,0,FALSE
2021-08-17 03:33:00,0,FALSE
2021-08-17 03:34:00,0,FALSE
2021-08-17 03:35:00,0,FALSE
2021-08-17 03:36:00,0,FALSE
2021-08-17 03:37:00,0,FALSE
2021-08-17 03:38:00,0,FALSE
2021-08-17 03:39:00,0,FALSE
2021-08-17 03:40:00,0,FALSE
2021-08-17 03:41:00,0,FALSE
2021-08-17 03:42:00,0,FALSE
2021-08-17 03:43:00,0,FALSE
2021-08-17 03:44:00,0,FALSE
2021-08-17 03:45:00,0,FALSE
2021-08-17 03:46:00,0,FALSE
2021-08-17 03:47:00,0,FALSE
2021-08-17 03:48:00,0,FALSE
2021-08-17 03:49:00,0,FALSE
2021-08-17 03:50:00,0,FALSE
2021-08-17 03:51:00,0,FALSE
2021-08-17 03:52:00,0,FALSE
2021-08-17 03:53:00,0,FALSE
2021-08-17 03:54:00,0,FALSE
2021-08-17 03:55:00,0,FALSE
2021-08-17 03:56:00,0,FALSE
2021-08-17 03:57:00,0,FALSE
2021-08-17 03:58:00,0,FALSE
2021-08-17 03:59:00,0,FALSE
2021-08-17 04:00:00,0,FALSE
2021-08-17 04:01:00,0,FALSE
2021-08-17 04:02:00,0,FALSE
2021-08-17 04:03:00,0,FALSE
2021-08-17 04:04:00,0,FALSE
2021-08-17 04:05:00,0,FALSE
2021-08-17 04:06:00,0,FALSE
2021-08-17 04:07:00,0,FALSE
2021-08-17 04:08:00,0,FALSE
2021-08-17 04:09:00,0,FALSE
2021-08-17 04:10:00,0,FALSE
2021-08-17 04:11:00,0,FALSE
2021-08-17 04:12:00,0,FALSE
2021-08-17 04:13:00,0,FALSE
2021-08-17 04:14:00,0,FALSE
2021-08-17 04:15:00,0,FALSE
2021-08-17 04:16:00,0,FALSE
2021-08-17 04:17:00,0,FALSE
2021-08-17 04:18:00,0,FALSE
2021-08-17 04:19:00,0,FALSE
2021-08-17 04:20:00,0,FALSE
2021-08-17 04:21:00,0,FALSE
2021-08-17 04:22:00,0,FALSE
2021-08-17 04:23:00,0,FALSE
2021-08-17 04:24:00,0,FALSE
2021-08-17 04:25:00,0,FALSE
2021-08-17 04:26:00,0,FALSE
2021-08-17 04:27:00,0,FALSE
2021-08-17 04:28:00,0,FALSE
2021-08-17 04:29:00,0,FALSE
2021-08-17 04:30:00,0,FALSE
2021-08-17 04:31:00,0,FALSE
2021-08-17 04:32:00,0,FALSE
2021-08-17 04:33:00,0,FALSE
2021-08-17 04:34:00,0,FALSE
2021-08-17 04:35:00,0,FALSE
2021-08-17 04:36:00,0,FALSE
2021-08-17 04:37:00,0,FALSE
2021-08-17 04:38:00,0,FALSE
2021-08-17 04:39:00,0,FALSE
2021-08-17 04:40:00,0,FALSE
2021-08-17 04:41:00,0,FALSE
2021-08-17 04:42:00,0,FALSE
2021-08-17 04:43:00,0,FALSE
2021-08-17 04:44:00,0,FALSE
2021-08-17 04:45:00,0,FALSE
2021-08-17 04:46:00,0,FALSE
2021-08-17 04:47:00,0,FALSE
2021-08-17 04:48:00,0,FALSE
2021-08-17 04:49:00,0,FALSE
2021-08-17 04:50:00,0,FALSE
2021-08-17 04:51:00,0,FALSE
2021-08-17 04:52:00,0,FALSE
2021-08-17 04:53:00,0,FALSE
2021-08-17 04:54:00,0,FALSE
2021-08-17 04:55:00,0,FALSE
2021-08-17 04:56:00,0,FALSE
2021-08-17 04:57:00,0,FALSE
2021-08-17 04:58:00,0,FALSE
2021-08-17 04:59:00,0,FALSE
2021-08-17 05:00:00,0,FALSE
2021-08-17 05:01:00,0,FALSE
2021-08-17 05:02:00,0,FALSE
2021-08-17 05:03:00,0,FALSE
2021-08-17 05:04:00,0,FALSE
2021-08-17 05:05:00,0,FALSE
2021-08-17 05:06:00,0,FALSE
2021-08-17 05:07:00,0,FALSE
2021-08-17 05:08:00,0,FALSE
2021-08-17 05:09:00,0,FALSE
2021-08-17 05:10:00,0,FALSE
2021-08-17 05:11:00,0,FALSE
2021-08-17 05:12:00,0,FALSE
2021-08-17 05:13:00,0,FALSE
2021-08-17 05:14:00,0,FALSE
2021-08-17 05:15:00,0,FALSE
2021-08-17 05:16:00,0,FALSE
2021-08-17 05:17:00,0,FALSE
2021-08-17 05:18:00,0,FALSE
2021-08-17 05:19:00,0,FALSE
2021-08-17 05:20:00,0,FALSE
2021-08-17 05:21:00,0,FALSE
2021-08-17 05:22:00,0,FALSE
2021-08-17 05:23:00,0,FALSE
2021-08-17 05:24:00,0,FALSE
2021-08-17 05:25:00,0,FALSE
2021-08-17 05:26:00,0,FALSE
2021-08-17 05:27:00,0,FALSE
2021-08-17 05:28:00,0,FALSE
2021-08-17 05:29:00,0,FALSE
2021-08-17 05:30:00,0,FALSE
2021-08-17 05:31:00,0,FALSE
2021-08-17 05:32:00,0,FALSE
2021-08-17 05:33:00,0,FALSE
2021-08-17 05:34:00,0,FALSE
2021-08-17 05:35:00,0,FALSE
2021-08-17 05:36:00,0,FALSE
2021-08-17 05:37:00,0,FALSE
2021-08-17 05:38:00,0,FALSE
2021-08-17 05:39:00,0,FALSE
2021-08-17 05:40:00,0,FALSE
2021-08-17 05:41:00,0,FALSE
2021-08-17 05:42:00,0,FALSE
2021-08-17 05:43:00,0,FALSE
2021-08-17 05:44:00,0.470271399353563,TRUE
2021-08-17 05:45:00,0,TRUE
2021-08-17 05:46:00,5.549325047440014,TRUE
2021-08-17 05:47:00,11.811400135298602,TRUE
2021-08-17 05:48:00,45.9307440714813,TRUE
2021-08-17 05:49:00,18.898675768598203,TRUE
2021-08-17 05:50:00,0,TRUE
2021-08-17 05:51:00,20.687147856399548,TRUE
2021-08-17 05:52:00,9.819060658322005,TRUE
2021-08-17 05:53:00,5.4318960362087,TRUE
2021-08-17 05:54:00,1.351556446228475,TRUE
2021-08-17 05:55:00,2.6857272760351973,TRUE
2021-08-17 05:56:00,2.2452607567769,TRUE
2021-08-17 05:57:00,1.9123172230888275,TRUE
2021-08-17 05:58:00,3.755625834925655,TRUE
2021-08-17 05:59:00,3.915850383791205,TRUE
2021-08-17 06:00:00,3.172251742741805,TRUE
2021-08-17 06:01:00,1.551992677840056,TRUE
2021-08-17 06:02:00,3.3178756741764497,TRUE
2021-08-17 06:03:00,3.236531066795065,TRUE
2021-08-17 06:04:00,3.7130461367304752,TRUE
2021-08-17 06:05:00,2.437284582031083,TRUE
2021-08-17 06:06:00,0.3114088543528435,TRUE
2021-08-17 06:07:00,0.357034836139535,TRUE
2021-08-17 06:08:00,0.427449427580067,TRUE
2021-08-17 06:09:00,0.4140982375427475,TRUE
2021-08-17 06:10:00,0.22517081280665802,TRUE
2021-08-17 06:11:00,1.951712378719623,TRUE
2021-08-17 06:12:00,3.906650189899695,TRUE
2021-08-17 06:13:00,2.73636330743511,TRUE
2021-08-17 06:14:00,3.8646116750459303,TRUE
2021-08-17 06:15:00,4.69624917180002,TRUE
2021-08-17 06:16:00,4.35967596157709,TRUE
2021-08-17 06:17:00,4.411018962383295,TRUE
2021-08-17 06:18:00,5.360580052603655,TRUE
2021-08-17 06:19:00,3.70329771890429,TRUE
2021-08-17 06:20:00,7.166677538329484,TRUE
2021-08-17 06:21:00,0.6810072033030846,TRUE
2021-08-17 06:22:00,5.791935299523955,TRUE
2021-08-17 06:23:00,5.13291771448048,TRUE
2021-08-17 06:24:00,5.623326197623275,TRUE
2021-08-17 06:25:00,96.7393626569276,TRUE
2021-08-17 06:26:00,90.81732967237525,TRUE
2021-08-17 06:27:00,333.9282891926375,TRUE
2021-08-17 06:28:00,275.9182029661255,TRUE
2021-08-17 06:29:00,221.3372029799392,TRUE
2021-08-17 06:30:00,255.0128184082575,TRUE
2021-08-17 06:31:00,357.248581848874,TRUE
2021-08-17 06:32:00,339.913000301695,TRUE
2021-08-17 06:33:00,303.4795734246625,TRUE
2021-08-17 06:34:00,416.65085928236397,TRUE
2021-08-17 06:35:00,376.79641799349554,TRUE
2021-08-17 06:36:00,363.2495568687675,TRUE
2021-08-17 06:37:00,357.964379038306,TRUE
2021-08-17 06:38:00,467.59426660266,TRUE
2021-08-17 06:39:00,529.5832643409606,TRUE
2021-08-17 06:40:00,504.7371326548315,TRUE
2021-08-17 06:41:00,380.361089314702,TRUE
2021-08-17 06:42:00,459.328881512649,TRUE
2021-08-17 06:43:00,478.2313241833225,TRUE
2021-08-17 06:44:00,284.932796232131,TRUE
2021-08-17 06:45:00,411.124279426329,TRUE
2021-08-17 06:46:00,414.35249299797647,TRUE
2021-08-17 06:47:00,356.3188045669495,TRUE
2021-08-17 06:48:00,301.712415852128,TRUE
2021-08-17 06:49:00,410.924662525832,TRUE
2021-08-17 06:50:00,466.280535536254,TRUE
2021-08-17 06:51:00,480.00241431310553,TRUE
2021-08-17 06:52:00,219.99075351433595,TRUE
2021-08-17 06:53:00,336.757930072349,TRUE
2021-08-17 06:54:00,371.440628956753,TRUE
2021-08-17 06:55:00,328.554281451752,TRUE
2021-08-17 06:56:00,392.64775218068496,TRUE
2021-08-17 06:57:00,346.3778502951645,TRUE
2021-08-17 06:58:00,209.91681749015197,TRUE
2021-08-17 06:59:00,149.56478509863751,TRUE
2021-08-17 07:00:00,648.8326174402964,TRUE
2021-08-17 07:01:00,1153.7614848917601,TRUE
2021-08-17 07:02:00,1326.2184862150534,TRUE
2021-08-17 07:03:00,1723.724780254025,TRUE
2021-08-17 07:04:00,28.76186854969585,TRUE
2021-08-17 07:05:00,24.48763510772315,TRUE
2021-08-17 07:06:00,24.6754114292563,TRUE
2021-08-17 07:07:00,28.284163950994753,TRUE
2021-08-17 07:08:00,10.20156213470536,TRUE
2021-08-17 07:09:00,15.77081378418646,TRUE
2021-08-17 07:10:00,9.733081187816829,TRUE
2021-08-17 07:11:00,10.147434139019264,TRUE
2021-08-17 07:12:00,16.7426636343353,TRUE
2021-08-17 07:13:00,5.947694490795055,TRUE
2021-08-17 07:14:00,2.3713273061316222,TRUE
2021-08-17 07:15:00,17.490888399649933,TRUE
2021-08-17 07:16:00,2.760825851325797,TRUE
2021-08-17 07:17:00,25.123511424822894,TRUE
2021-08-17 07:18:00,17.692459972396207,TRUE
2021-08-17 07:19:00,62.049541397447555,TRUE
2021-08-17 07:20:00,138.91435838861798,TRUE
2021-08-17 07:21:00,152.33628594140998,TRUE
2021-08-17 07:22:00,157.419329814392,TRUE
2021-08-17 07:23:00,144.642853306478,TRUE
2021-08-17 07:24:00,160.25813128556553,TRUE
2021-08-17 07:25:00,204.334651766554,TRUE
2021-08-17 07:26:00,187.8924149492275,TRUE
2021-08-17 07:27:00,206.79986348889,TRUE
2021-08-17 07:28:00,186.9359388583445,TRUE
2021-08-17 07:29:00,153.19792043559949,TRUE
2021-08-17 07:30:00,122.9870058322635,TRUE
2021-08-17 07:31:00,152.46859912930898,TRUE
2021-08-17 07:32:00,71.2107544124125,TRUE
2021-08-17 07:33:00,68.41656821746585,TRUE
2021-08-17 07:34:00,14.60672386082144,TRUE
2021-08-17 07:35:00,31.36129945667385,TRUE
2021-08-17 07:36:00,10.511132123169086,TRUE
2021-08-17 07:37:00,6.75276762391252,TRUE
2021-08-17 07:38:00,5.44352475327263,TRUE
2021-08-17 07:39:00,594.2904579299991,TRUE
2021-08-17 07:40:00,2.6053328905474524,TRUE
2021-08-17 07:41:00,27.904359787086904,TRUE
2021-08-17 07:42:00,20.517922960977884,TRUE
2021-08-17 07:43:00,13.108013243986651,TRUE
2021-08-17 07:44:00,5.537197581619418,TRUE
2021-08-17 07:45:00,20.4458554882066,TRUE
2021-08-17 07:46:00,43.523448267610945,TRUE
2021-08-17 07:47:00,44.86655259562505,TRUE
2021-08-17 07:48:00,48.726475725239396,TRUE
2021-08-17 07:49:00,38.58724876141525,TRUE
2021-08-17 07:50:00,42.74633589522,TRUE
2021-08-17 07:51:00,55.41982850716635,TRUE
2021-08-17 07:52:00,52.75621290642185,TRUE
2021-08-17 07:53:00,57.169009411696194,TRUE
2021-08-17 07:54:00,61.8809998296977,TRUE
2021-08-17 07:55:00,67.74967768873944,TRUE
2021-08-17 07:56:00,122.63834516580866,TRUE
2021-08-17 07:57:00,211.0393295313395,TRUE
2021-08-17 07:58:00,293.830394440796,TRUE
2021-08-17 07:59:00,199.541027897986,TRUE
2021-08-17 08:00:00,129.38979264273726,TRUE
2021-08-17 08:01:00,51.820805759471554,TRUE
2021-08-17 08:02:00,149.6560955484248,TRUE
2021-08-17 08:03:00,234.759094298658,TRUE
2021-08-17 08:04:00,233.529909334199,TRUE
2021-08-17 08:05:00,244.438098958701,TRUE
2021-08-17 08:06:00,309.3815577222935,TRUE
2021-08-17 08:07:00,239.5119888413015,TRUE
2021-08-17 08:08:00,224.7221183741945,TRUE
2021-08-17 08:09:00,272.000024876225,TRUE
2021-08-17 08:10:00,188.3844145025835,TRUE
2021-08-17 08:11:00,195.99620061001752,TRUE
2021-08-17 08:12:00,204.5721255020225,TRUE
2021-08-17 08:13:00,244.61590233806447,TRUE
2021-08-17 08:14:00,224.5234652451685,TRUE
2021-08-17 08:15:00,193.1773818578675,TRUE
2021-08-17 08:16:00,229.65338969607552,TRUE
2021-08-17 08:17:00,217.717012561371,TRUE
2021-08-17 08:18:00,144.788261063518,TRUE
2021-08-17 08:19:00,120.681217584389,TRUE
2021-08-17 08:20:00,103.73957794208636,TRUE
2021-08-17 08:21:00,57.16051859846555,TRUE
2021-08-17 08:22:00,85.00819422810284,TRUE
2021-08-17 08:23:00,108.85909468180151,TRUE
2021-08-17 08:24:00,117.36525510818251,TRUE
2021-08-17 08:25:00,141.851108170546,TRUE
2021-08-17 08:26:00,124.83399834417901,TRUE
2021-08-17 08:27:00,158.36590657739902,TRUE
2021-08-17 08:28:00,190.0856664997115,TRUE
2021-08-17 08:29:00,180.2389900562415,TRUE
2021-08-17 08:30:00,231.79870356197,TRUE
2021-08-17 08:31:00,216.947762497902,TRUE
2021-08-17 08:32:00,210.28665273350651,TRUE
2021-08-17 08:33:00,155.817338116755,TRUE
2021-08-17 08:34:00,136.8050228614445,TRUE
2021-08-17 08:35:00,167.80692156332452,TRUE
2021-08-17 08:36:00,107.12468998391215,TRUE
2021-08-17 08:37:00,95.8082768646054,TRUE
2021-08-17 08:38:00,58.46943878523095,TRUE
2021-08-17 08:39:00,110.92990684944,TRUE
2021-08-17 08:40:00,63.12099654764775,TRUE
2021-08-17 08:41:00,69.13673574948,TRUE
2021-08-17 08:42:00,4.29274523985435,TRUE
2021-08-17 08:43:00,14.993957118455487,TRUE
2021-08-17 08:44:00,24.5529519320258,TRUE
2021-08-17 08:45:00,36.70158333523055,TRUE
2021-08-17 08:46:00,12.958732511689249,TRUE
2021-08-17 08:47:00,0.161469968711562,TRUE
2021-08-17 08:48:00,2.6705199162264996,TRUE
2021-08-17 08:49:00,61.74888121630663,TRUE
2021-08-17 08:50:00,0.543492975361829,TRUE
2021-08-17 08:51:00,6.06768323035142,TRUE
2021-08-17 08:52:00,0,TRUE
2021-08-17 08:53:00,6.48900399356937,TRUE
2021-08-17 08:54:00,10.41393919761016,TRUE
2021-08-17 08:55:00,42.657959134812884,TRUE
2021-08-17 08:56:00,11.54482265324205,TRUE
2021-08-17 08:57:00,8.975537895989255,TRUE
2021-08-17 08:58:00,65.67477011889551,TRUE
2021-08-17 08:59:00,63.01999931191706,TRUE
2021-08-17 09:00:00,324.2124831925262,TRUE
2021-08-17 09:01:00,34.471951425981146,TRUE
2021-08-17 09:02:00,31.68484260972215,TRUE
2021-08-17 09:03:00,38.31644184050906,TRUE
2021-08-17 09:04:00,10.52071975017127,TRUE
2021-08-17 09:05:00,16.52985754214905,TRUE
2021-08-17 09:06:00,6.408397423065544,TRUE
2021-08-17 09:07:00,7.52357565131328,TRUE
2021-08-17 09:08:00,11.28713796782863,TRUE
2021-08-17 09:09:00,14.1882249881107,TRUE
2021-08-17 09:10:00,10.2873671552973,TRUE
2021-08-17 09:11:00,11.042265029480946,TRUE
2021-08-17 09:12:00,11.47344998322195,TRUE
2021-08-17 09:13:00,14.63705678451705,TRUE
2021-08-17 09:14:00,74.7256706614159,TRUE
2021-08-17 09:15:00,10.40555518853974,TRUE
2021-08-17 09:16:00,11.858343612373329,TRUE
2021-08-17 09:17:00,10.340489779889051,TRUE
2021-08-17 09:18:00,10.416254611644739,TRUE
2021-08-17 09:19:00,9.4235939550524,TRUE
2021-08-17 09:20:00,8.42784382071417,TRUE
2021-08-17 09:21:00,17.67922572021645,TRUE
2021-08-17 09:22:00,12.8236062972316,TRUE
2021-08-17 09:23:00,8.590008402536995,TRUE
2021-08-17 09:24:00,9.05551920896335,TRUE
2021-08-17 09:25:00,15.389574987102325,TRUE
2021-08-17 09:26:00,10.864443438826399,TRUE
2021-08-17 09:27:00,6.615433678994285,TRUE
2021-08-17 09:28:00,12.7081871867033,TRUE
2021-08-17 09:29:00,21.816001890579752,TRUE
2021-08-17 09:30:00,40.502750159436545,TRUE
2021-08-17 09:31:00,317.99207059274966,TRUE
2021-08-17 09:32:00,8.082483299213875,TRUE
2021-08-17 09:33:00,16.04552835203541,TRUE
2021-08-17 09:34:00,10.178808748779245,TRUE
2021-08-17 09:35:00,40.2797538338376,TRUE
2021-08-17 09:36:00,8.92517400847908,TRUE
2021-08-17 09:37:00,71.6343733089523,TRUE
2021-08-17 09:38:00,9.662023923091489,TRUE
2021-08-17 09:39:00,10.95614661303065,TRUE
2021-08-17 09:40:00,8.282744692146881,TRUE
2021-08-17 09:41:00,12.99657765926645,TRUE
2021-08-17 09:42:00,15.924235282237149,TRUE
2021-08-17 09:43:00,13.521152143419751,TRUE
2021-08-17 09:44:00,13.1290220501083,TRUE
2021-08-17 09:45:00,9.833752161730125,TRUE
2021-08-17 09:46:00,12.48229771758485,TRUE
2021-08-17 09:47:00,24.53097927982305,TRUE
2021-08-17 09:48:00,25.5762917510537,TRUE
2021-08-17 09:49:00,35.253408789750054,TRUE
2021-08-17 09:50:00,13.55843799029865,TRUE
2021-08-17 09:51:00,30.669270556128197,TRUE
2021-08-17 09:52:00,11.801599552292451,TRUE
2021-08-17 09:53:00,10.97180017760706,TRUE
2021-08-17 09:54:00,9.950461579160386,TRUE
2021-08-17 09:55:00,15.5617172729904,TRUE
2021-08-17 09:56:00,22.725839236845502,TRUE
2021-08-17 09:57:00,21.18213040029575,TRUE
2021-08-17 09:58:00,9.48422215708888,TRUE
2021-08-17 09:59:00,8.38355856081664,TRUE
2021-08-17 10:00:00,12.6074862140514,TRUE
2021-08-17 10:01:00,22.49210081027125,TRUE
2021-08-17 10:02:00,11.69569287646115,TRUE
2021-08-17 10:03:00,85.98320795490781,TRUE
2021-08-17 10:04:00,14.89059914173195,TRUE
2021-08-17 10:05:00,18.421584497697403,TRUE
2021-08-17 10:06:00,9.209550073898189,TRUE
2021-08-17 10:07:00,10.36005886065105,TRUE
2021-08-17 10:08:00,59.18473810781995,TRUE
2021-08-17 10:09:00,17.5797844134063,TRUE
2021-08-17 10:10:00,49.126689744244,TRUE
2021-08-17 10:11:00,23.8176494938802,TRUE
2021-08-17 10:12:00,29.20556543761395,TRUE
2021-08-17 10:13:00,42.0133484515193,TRUE
2021-08-17 10:14:00,13.230153495892155,TRUE
2021-08-17 10:15:00,3.779406677079425,TRUE
2021-08-17 10:16:00,20.955585804297336,TRUE
2021-08-17 10:17:00,58.602142689244445,TRUE
2021-08-17 10:18:00,14.65302296478615,TRUE
2021-08-17 10:19:00,7.669324509618385,TRUE
2021-08-17 10:20:00,14.1458266202154,TRUE
2021-08-17 10:21:00,8.397586262323319,TRUE
2021-08-17 10:22:00,26.3178589270838,TRUE
2021-08-17 10:23:00,14.18793438339625,TRUE
2021-08-17 10:24:00,63.202533969698194,TRUE
2021-08-17 10:25:00,41.23526326764285,TRUE
2021-08-17 10:26:00,14.5112994282674,TRUE
2021-08-17 10:27:00,14.24033394160815,TRUE
2021-08-17 10:28:00,13.27153664482325,TRUE
2021-08-17 10:29:00,10.9830698108363,TRUE
2021-08-17 10:30:00,30.059106555914347,TRUE
2021-08-17 10:31:00,26.3002589429051,TRUE
2021-08-17 10:32:00,9.660188243800235,TRUE
2021-08-17 10:33:00,11.7527146470824,TRUE
2021-08-17 10:34:00,18.98629972425335,TRUE
2021-08-17 10:35:00,1021.8175390226722,TRUE
2021-08-17 10:36:00,16.081141608094,TRUE
2021-08-17 10:37:00,14.832703928817956,TRUE
2021-08-17 10:38:00,20.8686236094195,TRUE
2021-08-17 10:39:00,47.53968532489305,TRUE
2021-08-17 10:40:00,8.65237011037568,TRUE
2021-08-17 10:41:00,8.032007485035015,TRUE
2021-08-17 10:42:00,12.67003716173435,TRUE
2021-08-17 10:43:00,13.60869086036925,TRUE
2021-08-17 10:44:00,12.530279019765295,TRUE
2021-08-17 10:45:00,10.072132943175696,TRUE
2021-08-17 10:46:00,17.412273681728948,TRUE
2021-08-17 10:47:00,13.239697139263715,TRUE
2021-08-17 10:48:00,41.6610885878341,TRUE
2021-08-17 10:49:00,47.35323430670745,TRUE
2021-08-17 10:50:00,17.5799521052043,TRUE
2021-08-17 10:51:00,48.93999836442645,TRUE
2021-08-17 10:52:00,185.6206296226507,TRUE
2021-08-17 10:53:00,13.438067883299505,TRUE
2021-08-17 10:54:00,12.89787669362901,TRUE
2021-08-17 10:55:00,16.9829595442272,TRUE
2021-08-17 10:56:00,10.08957106976464,TRUE
2021-08-17 10:57:00,12.619096216272101,TRUE
2021-08-17 10:58:00,11.93264216249635,TRUE
2021-08-17 10:59:00,14.370619408168196,TRUE
2021-08-17 11:00:00,55.728837638659,TRUE
2021-08-17 11:01:00,18.1606442427957,TRUE
2021-08-17 11:02:00,24.0555101453648,TRUE
2021-08-17 11:03:00,9.001069532376915,TRUE
2021-08-17 11:04:00,7.941065417669785,TRUE
2021-08-17 11:05:00,5.974349716760975,TRUE
2021-08-17 11:06:00,66.53655806354175,TRUE
2021-08-17 11:07:00,13.179869554292601,TRUE
2021-08-17 11:08:00,9.88761360326474,TRUE
2021-08-17 11:09:00,69.7798689165879,TRUE
2021-08-17 11:10:00,21.929343711722037,TRUE
2021-08-17 11:11:00,9.957616906018256,TRUE
2021-08-17 11:12:00,13.735588259422501,TRUE
2021-08-17 11:13:00,11.778019426484754,TRUE
2021-08-17 11:14:00,12.098950174614501,TRUE
2021-08-17 11:15:00,12.0729741304471,TRUE
2021-08-17 11:16:00,14.92936110941265,TRUE
2021-08-17 11:17:00,15.145114503168415,TRUE
2021-08-17 11:18:00,13.75374237183475,TRUE
2021-08-17 11:19:00,23.5059068531223,TRUE
2021-08-17 11:20:00,31.2462911702671,TRUE
2021-08-17 11:21:00,11.865667171062999,TRUE
2021-08-17 11:22:00,471.94194454587085,TRUE
2021-08-17 11:23:00,39.26305183253755,TRUE
2021-08-17 11:24:00,9.01680527687449,TRUE
2021-08-17 11:25:00,18.81584571360251,TRUE
2021-08-17 11:26:00,16.3710167310928,TRUE
2021-08-17 11:27:00,37.02587693390305,TRUE
2021-08-17 11:28:00,11.25956569422059,TRUE
2021-08-17 11:29:00,16.8279513600969,TRUE
2021-08-17 11:30:00,20.510784332488225,TRUE
2021-08-17 11:31:00,20.401502326433253,TRUE
2021-08-17 11:32:00,44.47867760279811,TRUE
2021-08-17 11:33:00,81.4337142714885,TRUE
2021-08-17 11:34:00,105.070031309101,TRUE
2021-08-17 11:35:00,120.2371880827463,TRUE
2021-08-17 11:36:00,123.898119449696,TRUE
2021-08-17 11:37:00,66.4697395710879,TRUE
2021-08-17 11:38:00,96.2184662642453,TRUE
2021-08-17 11:39:00,71.1955465969902,TRUE
2021-08-17 11:40:00,115.289061590193,TRUE
2021-08-17 11:41:00,108.60830674129805,TRUE
2021-08-17 11:42:00,67.4348135205099,TRUE
2021-08-17 11:43:00,77.96874275750065,TRUE
2021-08-17 11:44:00,106.06057744776915,TRUE
2021-08-17 11:45:00,41.71485168172935,TRUE
2021-08-17 11:46:00,41.11472592616175,TRUE
2021-08-17 11:47:00,79.63424058104354,TRUE
2021-08-17 11:48:00,89.47553838136345,TRUE
2021-08-17 11:49:00,87.61996134190514,TRUE
2021-08-17 11:50:00,82.33143178076361,TRUE
2021-08-17 11:51:00,96.430305199901,TRUE
2021-08-17 11:52:00,87.89181187270134,TRUE
2021-08-17 11:53:00,96.31544545884356,TRUE
2021-08-17 11:54:00,98.21019421507145,TRUE
2021-08-17 11:55:00,98.03631282420756,TRUE
2021-08-17 11:56:00,91.18249077458975,TRUE
2021-08-17 11:57:00,88.27037232520524,TRUE
2021-08-17 11:58:00,71.838105531928,TRUE
2021-08-17 11:59:00,58.998832918250656,TRUE
2021-08-17 12:00:00,64.80709429427385,TRUE
2021-08-17 12:01:00,104.1115396373601,TRUE
2021-08-17 12:02:00,86.39845786691815,TRUE
2021-08-17 12:03:00,96.1461537132365,TRUE
2021-08-17 12:04:00,92.11297255147156,TRUE
2021-08-17 12:05:00,84.8284936414876,TRUE
2021-08-17 12:06:00,116.357489871385,TRUE
2021-08-17 12:07:00,117.55578665066051,TRUE
2021-08-17 12:08:00,92.32461919707055,TRUE
2021-08-17 12:09:00,45.2780998781841,TRUE
2021-08-17 12:10:00,5.0331549625033105,TRUE
2021-08-17 12:11:00,171.4402266629095,TRUE
2021-08-17 12:12:00,137.76358894647265,TRUE
2021-08-17 12:13:00,80.40677962241234,TRUE
2021-08-17 12:14:00,83.2500843269348,TRUE
2021-08-17 12:15:00,94.9756502766037,TRUE
2021-08-17 12:16:00,68.17702928987255,TRUE
2021-08-17 12:17:00,74.6111887538857,TRUE
2021-08-17 12:18:00,101.44718644061945,TRUE
2021-08-17 12:19:00,198.39506332593083,TRUE
2021-08-17 12:20:00,19.482009934775355,TRUE
2021-08-17 12:21:00,17.275710013679223,TRUE
2021-08-17 12:22:00,2.851840487026695,TRUE
2021-08-17 12:23:00,6.514572538276189,TRUE
2021-08-17 12:24:00,12.3048244766573,TRUE
2021-08-17 12:25:00,7.9854961005721,TRUE
2021-08-17 12:26:00,18.6823316765703,TRUE
2021-08-17 12:27:00,1.1470914509536385,TRUE
2021-08-17 12:28:00,9.75066324590432,TRUE
2021-08-17 12:29:00,185.04449455907695,TRUE
2021-08-17 12:30:00,30.11072747632155,TRUE
2021-08-17 12:31:00,43.20593443550485,TRUE
2021-08-17 12:32:00,14.481441887790314,TRUE
2021-08-17 12:33:00,12.199312035955366,TRUE
2021-08-17 12:34:00,7.968697904599855,TRUE
2021-08-17 12:35:00,9.583720804490074,TRUE
2021-08-17 12:36:00,5.730445599323636,TRUE
2021-08-17 12:37:00,10.02167531455112,TRUE
2021-08-17 12:38:00,4.09219459913224,TRUE
2021-08-17 12:39:00,5.896172524385275,TRUE
2021-08-17 12:40:00,16.692673710740554,TRUE
2021-08-17 12:41:00,14.573689509294852,TRUE
2021-08-17 12:42:00,57.42483647334355,TRUE
2021-08-17 12:43:00,14.55955648542665,TRUE
2021-08-17 12:44:00,12.04301232401272,TRUE
2021-08-17 12:45:00,54.109026973658104,TRUE
2021-08-17 12:46:00,24.15704673209085,TRUE
2021-08-17 12:47:00,49.63746014402565,TRUE
2021-08-17 12:48:00,67.78375917499955,TRUE
2021-08-17 12:49:00,40.5875045120455,TRUE
2021-08-17 12:50:00,72.0677564342901,TRUE
2021-08-17 12:51:00,63.3098250835684,TRUE
2021-08-17 12:52:00,75.42131269923661,TRUE
2021-08-17 12:53:00,159.21510805555695,TRUE
2021-08-17 12:54:00,23.13443406895465,TRUE
2021-08-17 12:55:00,14.76381791977655,TRUE
2021-08-17 12:56:00,11.646192921844985,TRUE
2021-08-17 12:57:00,8.65880704790779,TRUE
2021-08-17 12:58:00,6.8570535955384795,TRUE
2021-08-17 12:59:00,10.335505988465684,TRUE
2021-08-17 13:00:00,16.064720468596,TRUE
2021-08-17 13:01:00,23.955038757150902,TRUE
2021-08-17 13:02:00,16.91983549175821,TRUE
2021-08-17 13:03:00,41.3100957729765,TRUE
2021-08-17 13:04:00,37.714945687424006,TRUE
2021-08-17 13:05:00,75.79607221506055,TRUE
2021-08-17 13:06:00,62.14694987059545,TRUE
2021-08-17 13:07:00,51.87425009443965,TRUE
2021-08-17 13:08:00,0,TRUE
2021-08-17 13:09:00,28.896932107495402,TRUE
2021-08-17 13:10:00,42.35069746217755,TRUE
2021-08-17 13:11:00,33.7416644063822,TRUE
2021-08-17 13:12:00,1800.6136872815148,TRUE
2021-08-17 13:13:00,9909.062233647875,TRUE
2021-08-17 13:14:00,7704.5865551609395,TRUE
2021-08-17 13:15:00,5031.382621367549,TRUE
2021-08-17 13:16:00,3561.5708387846535,TRUE
2021-08-17 13:17:00,26.842921167877,TRUE
2021-08-17 13:18:00,54.211888091198496,TRUE
2021-08-17 13:19:00,41.728001610465796,TRUE
2021-08-17 13:20:00,20.2038209364664,TRUE
2021-08-17 13:21:00,21.790390885307602,TRUE
2021-08-17 13:22:00,19.390574752956823,TRUE
2021-08-17 13:23:00,14.639745015789364,TRUE
2021-08-17 13:24:00,26.40242177611917,TRUE
2021-08-17 13:25:00,21.229537737624252,TRUE
2021-08-17 13:26:00,32.29266786641385,TRUE
2021-08-17 13:27:00,8.710230034315746,TRUE
2021-08-17 13:28:00,16.47824672734845,TRUE
2021-08-17 13:29:00,10.654322326409835,TRUE
2021-08-17 13:30:00,14.339376155744601,TRUE
2021-08-17 13:31:00,21.72880957215935,TRUE
2021-08-17 13:32:00,53.998584835014555,TRUE
2021-08-17 13:33:00,17.391902756163802,TRUE
2021-08-17 13:34:00,36.9914905299603,TRUE
2021-08-17 13:35:00,32.618752893043336,TRUE
2021-08-17 13:36:00,19.2036047555567,TRUE
2021-08-17 13:37:00,26.823109579872103,TRUE
2021-08-17 13:38:00,13.70626946846092,TRUE
2021-08-17 13:39:00,17.11577440981646,TRUE
2021-08-17 13:40:00,14.51972568436353,TRUE
2021-08-17 13:41:00,26.0847687208112,TRUE
2021-08-17 13:42:00,35.019374909485705,TRUE
2021-08-17 13:43:00,15.99178115965445,TRUE
2021-08-17 13:44:00,18.934459235280798,TRUE
2021-08-17 13:45:00,50.6961877041143,TRUE
2021-08-17 13:46:00,45.7451281054847,TRUE
2021-08-17 13:47:00,17.0884710260956,TRUE
2021-08-17 13:48:00,17.8003379387348,TRUE
2021-08-17 13:49:00,35.0376561285642,TRUE
2021-08-17 13:50:00,25.89631155594315,TRUE
2021-08-17 13:51:00,32.8825082246981,TRUE
2021-08-17 13:52:00,20.05261015927615,TRUE
2021-08-17 13:53:00,30.7606845387075,TRUE
2021-08-17 13:54:00,20.61401566810122,TRUE
2021-08-17 13:55:00,31.45121756047575,TRUE
2021-08-17 13:56:00,34.840554507185544,TRUE
2021-08-17 13:57:00,649.9314272573848,TRUE
2021-08-17 13:58:00,20.9532268197791,TRUE
2021-08-17 13:59:00,38.65699039511185,TRUE
2021-08-17 14:00:00,17.073221363280805,TRUE
2021-08-17 14:01:00,19.32789669964,TRUE
2021-08-17 14:02:00,17.40631916602485,TRUE
2021-08-17 14:03:00,14.5944152917296,TRUE
2021-08-17 14:04:00,16.627329618885348,TRUE
2021-08-17 14:05:00,14.05784651795552,TRUE
2021-08-17 14:06:00,14.878342855423359,TRUE
2021-08-17 14:07:00,42.655874266942604,TRUE
2021-08-17 14:08:00,40.72591727132125,TRUE
2021-08-17 14:09:00,31.981810297275498,TRUE
2021-08-17 14:10:00,28.281241758641798,TRUE
2021-08-17 14:11:00,20.98307868639365,TRUE
2021-08-17 14:12:00,20.679697777898,TRUE
2021-08-17 14:13:00,18.442542580569302,TRUE
2021-08-17 14:14:00,9.08837583753439,TRUE
2021-08-17 14:15:00,18.030251766594247,TRUE
2021-08-17 14:16:00,8.84239883228378,TRUE
2021-08-17 14:17:00,8.82103925071837,TRUE
2021-08-17 14:18:00,7.146049806133659,TRUE
2021-08-17 14:19:00,8.861013452731335,TRUE
2021-08-17 14:20:00,23.10393415420385,TRUE
2021-08-17 14:21:00,52.672227372804954,TRUE
2021-08-17 14:22:00,34.214655244003886,TRUE
2021-08-17 14:23:00,64.78929832892194,TRUE
2021-08-17 14:24:00,34.4124594895843,TRUE
2021-08-17 14:25:00,58.3009776101053,TRUE
2021-08-17 14:26:00,26.81084357776435,TRUE
2021-08-17 14:27:00,29.589802338017897,TRUE
2021-08-17 14:28:00,34.70964653357365,TRUE
2021-08-17 14:29:00,22.70289947131435,TRUE
2021-08-17 14:30:00,48.0997892353155,TRUE
2021-08-17 14:31:00,32.6363917361952,TRUE
2021-08-17 14:32:00,37.4155368811662,TRUE
2021-08-17 14:33:00,24.136637033739802,TRUE
2021-08-17 14:34:00,36.726075239143796,TRUE
2021-08-17 14:35:00,23.3677239626542,TRUE
2021-08-17 14:36:00,28.85409701427735,TRUE
2021-08-17 14:37:00,13.69586839070052,TRUE
2021-08-17 14:38:00,50.53521993597855,TRUE
2021-08-17 14:39:00,55.5731808764407,TRUE
2021-08-17 14:40:00,31.039789045917352,TRUE
2021-08-17 14:41:00,36.90839885284065,TRUE
2021-08-17 14:42:00,13.944551692009451,TRUE
2021-08-17 14:43:00,32.458990197628395,TRUE
2021-08-17 14:44:00,40.126269490301496,TRUE
2021-08-17 14:45:00,38.49149329948765,TRUE
2021-08-17 14:46:00,17.249638216662,TRUE
2021-08-17 14:47:00,26.303763415052764,TRUE
2021-08-17 14:48:00,35.3796191823498,TRUE
2021-08-17 14:49:00,4.17793537219714,TRUE
2021-08-17 14:50:00,18.2705791738804,TRUE
2021-08-17 14:51:00,34.90340468175235,TRUE
2021-08-17 14:52:00,27.377260637249748,TRUE
2021-08-17 14:53:00,25.295393274430047,TRUE
2021-08-17 14:54:00,19.35842009547465,TRUE
2021-08-17 14:55:00,44.355409362032695,TRUE
2021-08-17 14:56:00,32.835646994879596,TRUE
2021-08-17 14:57:00,18.7744746293792,TRUE
2021-08-17 14:58:00,23.7463390399816,TRUE
2021-08-17 14:59:00,24.75553935857975,TRUE
2021-08-17 15:00:00,33.47900778215815,TRUE
2021-08-17 15:01:00,26.7174098435803,TRUE
2021-08-17 15:02:00,22.457290160278248,TRUE
2021-08-17 15:03:00,43.7628852035187,TRUE
2021-08-17 15:04:00,43.913771636366846,TRUE
2021-08-17 15:05:00,45.69600029396412,TRUE
2021-08-17 15:06:00,14.11661189051227,TRUE
2021-08-17 15:07:00,10.90308273813703,TRUE
2021-08-17 15:08:00,23.966746393159553,TRUE
2021-08-17 15:09:00,14.78248691611905,TRUE
2021-08-17 15:10:00,15.57553018868055,TRUE
2021-08-17 15:11:00,18.1651332717334,TRUE
2021-08-17 15:12:00,23.8613208876068,TRUE
2021-08-17 15:13:00,17.12550604396155,TRUE
2021-08-17 15:14:00,25.0639714347899,TRUE
2021-08-17 15:15:00,11.53359770248833,TRUE
2021-08-17 15:16:00,22.30520311948805,TRUE
2021-08-17 15:17:00,13.18086799165795,TRUE
2021-08-17 15:18:00,20.9132320904816,TRUE
2021-08-17 15:19:00,23.78221174668035,TRUE
2021-08-17 15:20:00,17.819981094739617,TRUE
2021-08-17 15:21:00,26.119648492850743,TRUE
2021-08-17 15:22:00,42.324929167958025,TRUE
2021-08-17 15:23:00,8.452526187504825,TRUE
2021-08-17 15:24:00,15.9896475265165,TRUE
2021-08-17 15:25:00,10.605112575332086,TRUE
2021-08-17 15:26:00,27.645330706927698,TRUE
2021-08-17 15:27:00,21.406438717642303,TRUE
2021-08-17 15:28:00,21.0185228824209,TRUE
2021-08-17 15:29:00,15.443862843103052,TRUE
2021-08-17 15:30:00,29.188706877888748,TRUE
2021-08-17 15:31:00,34.842222954742354,TRUE
2021-08-17 15:32:00,10.542997306249505,TRUE
2021-08-17 15:33:00,5.57498407429379,TRUE
2021-08-17 15:34:00,29.566274475227353,TRUE
2021-08-17 15:35:00,20.047179506042347,TRUE
2021-08-17 15:36:00,33.648663401339306,TRUE
2021-08-17 15:37:00,31.479521007743152,TRUE
2021-08-17 15:38:00,25.8378652639038,TRUE
2021-08-17 15:39:00,17.140352242503702,TRUE
2021-08-17 15:40:00,16.03014600819595,TRUE
2021-08-17 15:41:00,7.90319978099517,TRUE
2021-08-17 15:42:00,19.37101928464125,TRUE
2021-08-17 15:43:00,25.01590693386705,TRUE
2021-08-17 15:44:00,61.762847032916554,TRUE
2021-08-17 15:45:00,10.409482112685684,TRUE
2021-08-17 15:46:00,30.52759537698,TRUE
2021-08-17 15:47:00,19.42369884534725,TRUE
2021-08-17 15:48:00,39.018557040952494,TRUE
2021-08-17 15:49:00,21.8691268429175,TRUE
2021-08-17 15:50:00,5.60110093192937,TRUE
2021-08-17 15:51:00,36.49365622282929,TRUE
2021-08-17 15:52:00,65.51827683458525,TRUE
2021-08-17 15:53:00,6.8617327758447555,TRUE
2021-08-17 15:54:00,13.766234378436955,TRUE
2021-08-17 15:55:00,10.664785084383784,TRUE
2021-08-17 15:56:00,10.094172303291149,TRUE
2021-08-17 15:57:00,9.914978447680134,TRUE
2021-08-17 15:58:00,11.462014595363609,TRUE
2021-08-17 15:59:00,8.47172640860327,TRUE
2021-08-17 16:00:00,13.3954317111235,TRUE
2021-08-17 16:01:00,23.28245049941365,TRUE
2021-08-17 16:02:00,16.059077521047076,TRUE
2021-08-17 16:03:00,13.8429478720012,TRUE
2021-08-17 16:04:00,11.528990646735831,TRUE
2021-08-17 16:05:00,13.71888775296679,TRUE
2021-08-17 16:06:00,9.579309098303595,TRUE
2021-08-17 16:07:00,8.645666106507646,TRUE
2021-08-17 16:08:00,17.3326155469779,TRUE
2021-08-17 16:09:00,11.977841358258189,TRUE
2021-08-17 16:10:00,31.523285994899652,TRUE
2021-08-17 16:11:00,20.320402836343,TRUE
2021-08-17 16:12:00,20.875236704775652,TRUE
2021-08-17 16:13:00,9.09946400620165,TRUE
2021-08-17 16:14:00,8.72290840469117,TRUE
2021-08-17 16:15:00,20.252447052590952,TRUE
2021-08-17 16:16:00,11.75646068000516,TRUE
2021-08-17 16:17:00,7.05507858585873,TRUE
2021-08-17 16:18:00,9.688712041244301,TRUE
2021-08-17 16:19:00,8.67550191458993,TRUE
2021-08-17 16:20:00,8.12837121703558,TRUE
2021-08-17 16:21:00,17.24376053157844,TRUE
2021-08-17 16:22:00,19.6903181845335,TRUE
2021-08-17 16:23:00,11.35746613499865,TRUE
2021-08-17 16:24:00,17.87985326299101,TRUE
2021-08-17 16:25:00,10.192971271754654,TRUE
2021-08-17 16:26:00,13.09299420015445,TRUE
2021-08-17 16:27:00,11.2757517812329,TRUE
2021-08-17 16:28:00,9.95024648041361,TRUE
2021-08-17 16:29:00,10.4212436978009,TRUE
2021-08-17 16:30:00,10.840649157625776,TRUE
2021-08-17 16:31:00,37.42199839350435,TRUE
2021-08-17 16:32:00,32.570703054081804,TRUE
2021-08-17 16:33:00,35.6525363746328,TRUE
2021-08-17 16:34:00,17.162081592329244,TRUE
2021-08-17 16:35:00,50.7974579226643,TRUE
2021-08-17 16:36:00,16.62400435437224,TRUE
2021-08-17 16:37:00,17.5272923177273,TRUE
2021-08-17 16:38:00,10.218963122834975,TRUE
2021-08-17 16:39:00,87.90890609166937,TRUE
2021-08-17 16:40:00,28.6346317396099,TRUE
2021-08-17 16:41:00,8.001551487231584,TRUE
2021-08-17 16:42:00,14.120418213158349,TRUE
2021-08-17 16:43:00,9.33708658135912,TRUE
2021-08-17 16:44:00,12.093902655685149,TRUE
2021-08-17 16:45:00,120.05741283479074,TRUE
2021-08-17 16:46:00,12.59652781024715,TRUE
2021-08-17 16:47:00,30.15903730826635,TRUE
2021-08-17 16:48:00,37.56875984738965,TRUE
2021-08-17 16:49:00,92.56650827563172,TRUE
2021-08-17 16:50:00,9.94140621553847,TRUE
2021-08-17 16:51:00,10.2461358651528,TRUE
2021-08-17 16:52:00,6.88710568082678,TRUE
2021-08-17 16:53:00,32.2254098753733,TRUE
2021-08-17 16:54:00,50.221187561147204,TRUE
2021-08-17 16:55:00,9.658325169481586,TRUE
2021-08-17 16:56:00,13.5539807795216,TRUE
2021-08-17 16:57:00,10.905938070131295,TRUE
2021-08-17 16:58:00,9.651619480475901,TRUE
2021-08-17 16:59:00,11.175495115712,TRUE
2021-08-17 17:00:00,14.5548932402258,TRUE
2021-08-17 17:01:00,13.36910697967365,TRUE
2021-08-17 17:02:00,11.85643005833705,TRUE
2021-08-17 17:03:00,10.893543552570549,TRUE
2021-08-17 17:04:00,11.8348955927207,TRUE
2021-08-17 17:05:00,11.8580384029898,TRUE
2021-08-17 17:06:00,11.051938117163004,TRUE
2021-08-17 17:07:00,9.83889814968349,TRUE
2021-08-17 17:08:00,16.72164806431985,TRUE
2021-08-17 17:09:00,8.482832249923586,TRUE
2021-08-17 17:10:00,10.559534349458126,TRUE
2021-08-17 17:11:00,11.70374576324045,TRUE
2021-08-17 17:12:00,11.467350084534946,TRUE
2021-08-17 17:13:00,63.88849155864315,TRUE
2021-08-17 17:14:00,18.866703188440127,TRUE
2021-08-17 17:15:00,19.780543411375348,TRUE
2021-08-17 17:16:00,17.53998637746085,TRUE
2021-08-17 17:17:00,25.618081724570303,TRUE
2021-08-17 17:18:00,3.643863772917075,TRUE
2021-08-17 17:19:00,4.67952692937111,TRUE
2021-08-17 17:20:00,3.4207500884251356,TRUE
2021-08-17 17:21:00,0,TRUE
2021-08-17 17:22:00,62.73145333865921,TRUE
2021-08-17 17:23:00,96.87004143574656,TRUE
2021-08-17 17:24:00,1127.847229247583,TRUE
2021-08-17 17:25:00,1881.71791493287,TRUE
2021-08-17 17:26:00,2257.67421065299,TRUE
2021-08-17 17:27:00,3205.080164093405,TRUE
2021-08-17 17:28:00,1816.3894768404712,TRUE
2021-08-17 17:29:00,740.886067729944,TRUE
2021-08-17 17:30:00,1095.6257872133951,TRUE
2021-08-17 17:31:00,888.8337550860045,TRUE
2021-08-17 17:32:00,854.6322359149231,TRUE
2021-08-17 17:33:00,1184.93370258171,TRUE
2021-08-17 17:34:00,1009.921996447921,TRUE
2021-08-17 17:35:00,1140.193980329715,TRUE
2021-08-17 17:36:00,581.8131252010181,TRUE
2021-08-17 17:37:00,1015.8167240065189,TRUE
2021-08-17 17:38:00,1176.26727335949,TRUE
2021-08-17 17:39:00,1263.212661943694,TRUE
2021-08-17 17:40:00,791.5363153107251,TRUE
2021-08-17 17:41:00,1195.5366128896399,TRUE
2021-08-17 17:42:00,1244.846978794935,TRUE
2021-08-17 17:43:00,480.4839614167432,TRUE
2021-08-17 17:44:00,1167.954524181875,TRUE
2021-08-17 17:45:00,1580.8069907557,TRUE
2021-08-17 17:46:00,1967.1310595382652,TRUE
2021-08-17 17:47:00,1424.5195211641499,TRUE
2021-08-17 17:48:00,1136.953540422639,TRUE
2021-08-17 17:49:00,1347.66964156931,TRUE
2021-08-17 17:50:00,1320.5812866758502,TRUE
2021-08-17 17:51:00,1396.22985080281,TRUE
2021-08-17 17:52:00,3397.7361399545807,TRUE
2021-08-17 17:53:00,742.091776347507,TRUE
2021-08-17 17:54:00,863.5673149163415,TRUE
2021-08-17 17:55:00,1022.9522743062895,TRUE
2021-08-17 17:56:00,703.1713152568875,TRUE
2021-08-17 17:57:00,1108.76453846217,TRUE
2021-08-17 17:58:00,1180.35944329477,TRUE
2021-08-17 17:59:00,599.9484513931325,TRUE
2021-08-17 18:00:00,688.20360626091,TRUE
2021-08-17 18:01:00,1052.354473802786,TRUE
2021-08-17 18:02:00,980.902578436426,TRUE
2021-08-17 18:03:00,74.40376627381835,TRUE
2021-08-17 18:04:00,3500.8420469298035,TRUE
2021-08-17 18:05:00,2.111582770073311,TRUE
2021-08-17 18:06:00,22.2649740500338,TRUE
2021-08-17 18:07:00,23.97799912940345,TRUE
2021-08-17 18:08:00,24.23928893271315,TRUE
2021-08-17 18:09:00,18.0140196410399,TRUE
2021-08-17 18:10:00,13.240424451257407,TRUE
2021-08-17 18:11:00,31.15039281188255,TRUE
2021-08-17 18:12:00,27.6426934655586,TRUE
2021-08-17 18:13:00,31.0516467526434,TRUE
2021-08-17 18:14:00,16.493313649880296,TRUE
2021-08-17 18:15:00,8.775879130297675,TRUE
2021-08-17 18:16:00,7.427453187921425,TRUE
2021-08-17 18:17:00,7.55507888732609,TRUE
2021-08-17 18:18:00,6.69349746359103,TRUE
2021-08-17 18:19:00,11.441876199122,TRUE
2021-08-17 18:20:00,25.0777093315915,TRUE
2021-08-17 18:21:00,7.886036526346301,TRUE
2021-08-17 18:22:00,8.066252037142476,TRUE
2021-08-17 18:23:00,7.78953386727086,TRUE
2021-08-17 18:24:00,7.971790668478626,TRUE
2021-08-17 18:25:00,5.10629721044385,TRUE
2021-08-17 18:26:00,4.496805215422706,TRUE
2021-08-17 18:27:00,4.73839787008103,TRUE
2021-08-17 18:28:00,4.99145527856334,TRUE
2021-08-17 18:29:00,4.49701462323215,TRUE
2021-08-17 18:30:00,4.073300750486885,TRUE
2021-08-17 18:31:00,3.53114408059629,TRUE
2021-08-17 18:32:00,3.65032682640567,TRUE
2021-08-17 18:33:00,3.24279224552268,TRUE
2021-08-17 18:34:00,3.7837900473249952,TRUE
2021-08-17 18:35:00,283.7811134502217,TRUE
2021-08-17 18:36:00,1.227547536268335,TRUE
2021-08-17 18:37:00,1.44247952965292,TRUE
2021-08-17 18:38:00,1.3853261716623035,TRUE
2021-08-17 18:39:00,0.3418367501607355,TRUE
2021-08-17 18:40:00,0.2130389470763684,TRUE
2021-08-17 18:41:00,1.96677011109506,TRUE
2021-08-17 18:42:00,170.4153181461761,TRUE
2021-08-17 18:43:00,5.605700224632865,TRUE
2021-08-17 18:44:00,7.10081218536474,TRUE
2021-08-17 18:45:00,6.41318384973404,TRUE
2021-08-17 18:46:00,6.743178994029585,TRUE
2021-08-17 18:47:00,5.537703994377734,TRUE
2021-08-17 18:48:00,4.80828877767011,TRUE
2021-08-17 18:49:00,5.658766556143394,TRUE
2021-08-17 18:50:00,6.01941951844881,TRUE
2021-08-17 18:51:00,5.34496426463147,TRUE
2021-08-17 18:52:00,5.914655548632985,TRUE
2021-08-17 18:53:00,6.092839507072091,TRUE
2021-08-17 18:54:00,6.0141169825476695,TRUE
2021-08-17 18:55:00,4.4698288721485095,TRUE
2021-08-17 18:56:00,5.74314968167795,TRUE
2021-08-17 18:57:00,6.55616999425537,TRUE
2021-08-17 18:58:00,4.954799042856315,TRUE
2021-08-17 18:59:00,2.6750731315778697,TRUE
2021-08-17 19:00:00,3.00795144515278,TRUE
2021-08-17 19:01:00,2.861335944993455,TRUE
2021-08-17 19:02:00,2.68393161326664,TRUE
2021-08-17 19:03:00,2.42677121528616,TRUE
2021-08-17 19:04:00,2.429758269801085,TRUE
2021-08-17 19:05:00,3.157235103080935,TRUE
2021-08-17 19:06:00,2.220175283615485,TRUE
2021-08-17 19:07:00,1.41952232254802,TRUE
2021-08-17 19:08:00,1.8820450127878998,TRUE
2021-08-17 19:09:00,1.743828536808735,TRUE
2021-08-17 19:10:00,1.3604442073372849,TRUE
2021-08-17 19:11:00,1.3625563570384251,TRUE
2021-08-17 19:12:00,2.369865521038025,TRUE
2021-08-17 19:13:00,3.2933857070002697,TRUE
2021-08-17 19:14:00,2.480826266867885,TRUE
2021-08-17 19:15:00,1.70983354186877,TRUE
2021-08-17 19:16:00,2.00649927549749,TRUE
2021-08-17 19:17:00,1.6128085962398504,TRUE
2021-08-17 19:18:00,1.2718612529813005,TRUE
2021-08-17 19:19:00,1.78489609849477,TRUE
2021-08-17 19:20:00,1.9641848356710798,TRUE
2021-08-17 19:21:00,1.93560200212783,TRUE
2021-08-17 19:22:00,1.99870982514209,TRUE
2021-08-17 19:23:00,1.4579004104331599,TRUE
2021-08-17 19:24:00,1.3550746811057701,TRUE
2021-08-17 19:25:00,0.8609386058749819,TRUE
2021-08-17 19:26:00,1.2449986558295607,TRUE
2021-08-17 19:27:00,0.9332833736863615,TRUE
2021-08-17 19:28:00,0.92759154719532,TRUE
2021-08-17 19:29:00,0.523703276223088,TRUE
2021-08-17 19:30:00,0.208651145975851,TRUE
2021-08-17 19:31:00,0.274792060620375,TRUE
2021-08-17 19:32:00,0.4927569736212915,TRUE
2021-08-17 19:33:00,0.3496627854538575,TRUE
2021-08-17 19:34:00,0.32076812225941453,TRUE
2021-08-17 19:35:00,0.3184210447601885,TRUE
2021-08-17 19:36:00,0.1328878227189934,TRUE
2021-08-17 19:37:00,0.02964337235204385,TRUE
2021-08-17 19:38:00,0.029643377358806,TRUE
2021-08-17 19:39:00,0.02964337235204385,TRUE
2021-08-17 19:40:00,0.0296433062604764,TRUE
2021-08-17 19:41:00,7.0076494874969e-4,TRUE
2021-08-17 19:42:00,0.0296433062604764,TRUE
2021-08-17 19:43:00,0.015172035604613068,TRUE
2021-08-17 19:44:00,3.5038247437484e-4,TRUE
2021-08-17 19:45:00,5.40746614402065,TRUE
2021-08-17 19:46:00,15.30130339253165,TRUE
2021-08-17 19:47:00,11.1662270449326,TRUE
2021-08-17 19:48:00,13.46559335255005,TRUE
2021-08-17 19:49:00,11.4166190729698,TRUE
2021-08-17 19:50:00,12.413912209610551,TRUE
2021-08-17 19:51:00,10.0235298605653,TRUE
2021-08-17 19:52:00,10.264992835052425,TRUE
2021-08-17 19:53:00,12.08318023627865,TRUE
2021-08-17 19:54:00,9.95788582857436,TRUE
2021-08-17 19:55:00,9.477357415099386,TRUE
2021-08-17 19:56:00,8.71968374327159,TRUE
2021-08-17 19:57:00,10.7003549136104,TRUE
2021-08-17 19:58:00,12.065626313160251,TRUE
2021-08-17 19:59:00,8.97961263632554,TRUE
2021-08-17 20:00:00,5.5168574377059905,TRUE
2021-08-17 20:01:00,9.3832108765958,TRUE
2021-08-17 20:02:00,10.890490382802,TRUE
2021-08-17 20:03:00,11.343607035045249,TRUE
2021-08-17 20:04:00,5.455686988517927,TRUE
2021-08-17 20:05:00,0.12485925183598093,TRUE
2021-08-17 20:06:00,6.691280120521139,TRUE
2021-08-17 20:07:00,12.415964991183351,TRUE
2021-08-17 20:08:00,10.83736296829828,TRUE
2021-08-17 20:09:00,7.938644223274425,TRUE
2021-08-17 20:10:00,9.75052391901777,TRUE
2021-08-17 20:11:00,10.13163287308178,TRUE
2021-08-17 20:12:00,12.167435729717564,TRUE
2021-08-17 20:13:00,15.300339670568249,TRUE
2021-08-17 20:14:00,16.0136775820774,TRUE
2021-08-17 20:15:00,11.297075936158521,TRUE
2021-08-17 20:16:00,10.340600661764949,TRUE
2021-08-17 20:17:00,15.32948962144485,TRUE
2021-08-17 20:18:00,13.25527516854445,TRUE
2021-08-17 20:19:00,16.535597937577748,TRUE
2021-08-17 20:20:00,15.84513338437505,TRUE
2021-08-17 20:21:00,15.5996598541017,TRUE
2021-08-17 20:22:00,15.92021183904825,TRUE
2021-08-17 20:23:00,15.42797824953815,TRUE
2021-08-17 20:24:00,16.406371692015952,TRUE
2021-08-17 20:25:00,16.75127633653385,TRUE
2021-08-17 20:26:00,16.5016083629651,TRUE
2021-08-17 20:27:00,11.034295445411955,TRUE
2021-08-17 20:28:00,10.303009046252175,TRUE
2021-08-17 20:29:00,8.817721530380151,TRUE
2021-08-17 20:30:00,8.91105341419358,TRUE
2021-08-17 20:31:00,8.928736674632724,TRUE
2021-08-17 20:32:00,4.485651317738285,TRUE
2021-08-17 20:33:00,6.70579735220796,TRUE
2021-08-17 20:34:00,10.964219469143991,TRUE
2021-08-17 20:35:00,14.13954842564845,TRUE
2021-08-17 20:36:00,19.535773515440752,TRUE
2021-08-17 20:37:00,8.913778686917855,TRUE
2021-08-17 20:38:00,10.268886201123859,TRUE
2021-08-17 20:39:00,9.044854460604975,TRUE
2021-08-17 20:40:00,8.77122386323027,TRUE
2021-08-17 20:41:00,6.422125509987005,TRUE
2021-08-17 20:42:00,11.4720654992084,TRUE
2021-08-17 20:43:00,7.317741981095725,TRUE
2021-08-17 20:44:00,7.178711996723015,TRUE
2021-08-17 20:45:00,6.877283734948465,TRUE
2021-08-17 20:46:00,6.146771365409345,TRUE
2021-08-17 20:47:00,7.11501110426139,TRUE
2021-08-17 20:48:00,7.41313052788159,TRUE
2021-08-17 20:49:00,8.169117555320451,TRUE
2021-08-17 20:50:00,12.2208500936486,TRUE
2021-08-17 20:51:00,16.2665583949541,TRUE
2021-08-17 20:52:00,16.3543314413399,TRUE
2021-08-17 20:53:00,16.61258824668,TRUE
2021-08-17 20:54:00,16.250625537287,TRUE
2021-08-17 20:55:00,15.9996112568583,TRUE
2021-08-17 20:56:00,17.732311406100102,TRUE
2021-08-17 20:57:00,18.187890402258702,TRUE
2021-08-17 20:58:00,18.8987809765292,TRUE
2021-08-17 20:59:00,18.9108422011025,TRUE
2021-08-17 21:00:00,19.98597787708135,TRUE
2021-08-17 21:01:00,20.26293926982155,TRUE
2021-08-17 21:02:00,18.06824592950085,TRUE
2021-08-17 21:03:00,17.3929593993426,TRUE
2021-08-17 21:04:00,18.058801727009453,TRUE
2021-08-17 21:05:00,16.45349841996065,TRUE
2021-08-17 21:06:00,8.660072193414495,TRUE
2021-08-17 21:07:00,9.78037823483421,TRUE
2021-08-17 21:08:00,5.866117617749669,TRUE
2021-08-17 21:09:00,11.777990191252645,TRUE
2021-08-17 21:10:00,8.493432074632395,TRUE
2021-08-17 21:11:00,2.1170270064456562,TRUE
2021-08-17 21:12:00,2.789177908728515,TRUE
2021-08-17 21:13:00,1.6803137644391248,TRUE
2021-08-17 21:14:00,9.241136388403035,TRUE
2021-08-17 21:15:00,3.0859679222500667,TRUE
2021-08-17 21:16:00,25.937612291850726,TRUE
2021-08-17 21:17:00,0,TRUE
2021-08-17 21:18:00,0,TRUE
2021-08-17 21:19:00,0,TRUE
2021-08-17 21:20:00,0,TRUE
2021-08-17 21:21:00,0,TRUE
2021-08-17 21:22:00,1.93711560598371,TRUE
2021-08-17 21:23:00,2.48152020246388,TRUE
2021-08-17 21:24:00,0,FALSE
2021-08-17 21:25:00,0,FALSE
2021-08-17 21:26:00,0,FALSE
2021-08-17 21:27:00,0,FALSE
2021-08-17 21:28:00,0,FALSE
2021-08-17 21:29:00,0,FALSE
2021-08-17 21:30:00,0,FALSE
2021-08-17 21:31:00,0,FALSE
2021-08-17 21:32:00,0,FALSE
2021-08-17 21:33:00,0,FALSE
2021-08-17 21:34:00,0,FALSE
2021-08-17 21:35:00,0,FALSE
2021-08-17 21:36:00,0,FALSE
2021-08-17 21:37:00,0,FALSE
2021-08-17 21:38:00,0,FALSE
2021-08-17 21:39:00,0,FALSE
2021-08-17 21:40:00,0,FALSE
2021-08-17 21:41:00,0,FALSE
2021-08-17 21:42:00,0,FALSE
2021-08-17 21:43:00,0,FALSE
2021-08-17 21:44:00,0,FALSE
2021-08-17 21:45:00,0,FALSE
2021-08-17 21:46:00,0,FALSE
2021-08-17 21:47:00,0,FALSE
2021-08-17 21:48:00,0,FALSE
2021-08-17 21:49:00,0,FALSE
2021-08-17 21:50:00,0,FALSE
2021-08-17 21:51:00,0,FALSE
2021-08-17 21:52:00,0,FALSE
2021-08-17 21:53:00,0,FALSE
2021-08-17 21:54:00,0,FALSE
2021-08-17 21:55:00,0,FALSE
2021-08-17 21:56:00,0,FALSE
2021-08-17 21:57:00,0,FALSE
2021-08-17 21:58:00,0,FALSE
2021-08-17 21:59:00,0,FALSE
2021-08-17 22:00:00,0,FALSE
2021-08-17 22:01:00,0,FALSE
2021-08-17 22:02:00,0,FALSE
2021-08-17 22:03:00,0,FALSE
2021-08-17 22:04:00,0,FALSE
2021-08-17 22:05:00,0,FALSE
2021-08-17 22:06:00,0,FALSE
2021-08-17 22:07:00,0,FALSE
2021-08-17 22:08:00,0,FALSE
2021-08-17 22:09:00,0,FALSE
2021-08-17 22:10:00,0,FALSE
2021-08-17 22:11:00,0,FALSE
2021-08-17 22:12:00,0,FALSE
2021-08-17 22:13:00,0,FALSE
2021-08-17 22:14:00,0,FALSE
2021-08-17 22:15:00,0,FALSE
2021-08-17 22:16:00,0,FALSE
2021-08-17 22:17:00,0,FALSE
2021-08-17 22:18:00,0,FALSE
2021-08-17 22:19:00,0,FALSE
2021-08-17 22:20:00,0,FALSE
2021-08-17 22:21:00,0,FALSE
2021-08-17 22:22:00,0,FALSE
2021-08-17 22:23:00,0,FALSE
2021-08-17 22:24:00,0,FALSE
2021-08-17 22:25:00,0,FALSE
2021-08-17 22:26:00,0,FALSE
2021-08-17 22:27:00,0,FALSE
2021-08-17 22:28:00,0,FALSE
2021-08-17 22:29:00,0,FALSE
2021-08-17 22:30:00,0,FALSE
2021-08-17 22:31:00,0,FALSE
2021-08-17 22:32:00,0,FALSE
2021-08-17 22:33:00,0,FALSE
2021-08-17 22:34:00,0,FALSE
2021-08-17 22:35:00,0,FALSE
2021-08-17 22:36:00,0,FALSE
2021-08-17 22:37:00,0,FALSE
2021-08-17 22:38:00,0,FALSE
2021-08-17 22:39:00,0,FALSE
2021-08-17 22:40:00,0,FALSE
2021-08-17 22:41:00,0,FALSE
2021-08-17 22:42:00,0,FALSE
2021-08-17 22:43:00,0,FALSE
2021-08-17 22:44:00,0,FALSE
2021-08-17 22:45:00,0,FALSE
2021-08-17 22:46:00,0,FALSE
2021-08-17 22:47:00,0,FALSE
2021-08-17 22:48:00,0,FALSE
2021-08-17 22:49:00,0,FALSE
2021-08-17 22:50:00,0,FALSE
2021-08-17 22:51:00,0,FALSE
2021-08-17 22:52:00,0,FALSE
2021-08-17 22:53:00,0,FALSE
2021-08-17 22:54:00,0,FALSE
2021-08-17 22:55:00,0,FALSE
2021-08-17 22:56:00,0,FALSE
2021-08-17 22:57:00,0,FALSE
2021-08-17 22:58:00,0,FALSE
2021-08-17 22:59:00,0,FALSE
2021-08-17 23:00:00,0,FALSE
2021-08-17 23:01:00,0,FALSE
2021-08-17 23:02:00,0,FALSE
2021-08-17 23:03:00,0,FALSE
2021-08-17 23:04:00,0,FALSE
2021-08-17 23:05:00,0,FALSE
2021-08-17 23:06:00,0,FALSE
2021-08-17 23:07:00,0,FALSE
2021-08-17 23:08:00,0,FALSE
2021-08-17 23:09:00,0,FALSE
2021-08-17 23:10:00,0,FALSE
2021-08-17 23:11:00,0,FALSE
2021-08-17 23:12:00,0,FALSE
2021-08-17 23:13:00,0,FALSE
2021-08-17 23:14:00,0,FALSE
2021-08-17 23:15:00,0,FALSE
2021-08-17 23:16:00,0,FALSE
2021-08-17 23:17:00,0,FALSE
2021-08-17 23:18:00,0,FALSE
2021-08-17 23:19:00,0,FALSE
2021-08-17 23:20:00,0,FALSE
2021-08-17 23:21:00,0,FALSE
2021-08-17 23:22:00,0,FALSE
2021-08-17 23:23:00,0,FALSE
2021-08-17 23:24:00,0,FALSE
2021-08-17 23:25:00,0,FALSE
2021-08-17 23:26:00,0,FALSE
2021-08-17 23:27:00,0,FALSE
2021-08-17 23:28:00,0,FALSE
2021-08-17 23:29:00,0,FALSE
2021-08-17 23:30:00,0,FALSE
2021-08-17 23:31:00,0,FALSE
2021-08-17 23:32:00,0,FALSE
2021-08-17 23:33:00,0,FALSE
2021-08-17 23:34:00,0,FALSE
2021-08-17 23:35:00,0,FALSE
2021-08-17 23:36:00,0,FALSE
2021-08-17 23:37:00,0,FALSE
2021-08-17 23:38:00,0,FALSE
2021-08-17 23:39:00,0,FALSE
2021-08-17 23:40:00,0,FALSE
2021-08-17 23:41:00,0,FALSE
2021-08-17 23:42:00,0,FALSE
2021-08-17 23:43:00,0,FALSE
2021-08-17 23:44:00,0,FALSE
2021-08-17 23:45:00,0,FALSE
2021-08-17 23:46:00,0,FALSE
2021-08-17 23:47:00,0,FALSE
2021-08-17 23:48:00,0,FALSE
2021-08-17 23:49:00,0,FALSE
2021-08-17 23:50:00,0,FALSE
2021-08-17 23:51:00,0,FALSE
2021-08-17 23:52:00,0,FALSE
2021-08-17 23:53:00,0,FALSE
2021-08-17 23:54:00,0,FALSE
2021-08-17 23:55:00,0,FALSE
2021-08-17 23:56:00,0,FALSE
2021-08-17 23:57:00,0,FALSE
2021-08-17 23:58:00,0,FALSE
2021-08-17 23:59:00,0,FALSE
